{"cameraMode":{"drawMode":0,"name":"Shaded","section":"Shading Mode"},"sceneLighting":false,"audioPlay":false,"sceneViewState":{"showFog":true,"showMaterialUpdate":false,"showSkybox":true,"showFlares":true,"showImageEffects":true,"showParticleSystems":true},"in2DMode":false,"pivot":{"x":-0.07632911205291748,"y":0.2102518081665039,"z":-0.8515291213989258},"rotation":{"x":-0.0317569375038147,"y":0.9662719368934631,"z":-0.2093275785446167,"w":-0.1466018706560135},"size":5.291197299957275,"orthographic":false}