{"cameraMode":{"drawMode":0,"name":"Shaded","section":"Shading Mode"},"sceneLighting":true,"audioPlay":false,"sceneViewState":{"showFog":true,"showMaterialUpdate":false,"showSkybox":true,"showFlares":true,"showImageEffects":true,"showParticleSystems":true},"in2DMode":false,"pivot":{"x":-32.037986755371097,"y":1.6293153762817383,"z":-34.37586975097656},"rotation":{"x":-0.19080424308776856,"y":0.41203272342681887,"z":-0.08867446333169937,"w":-0.8865436315536499},"size":11.900739669799805,"orthographic":false}