{"cameraMode":{"drawMode":0,"name":"Shaded","section":"Shading Mode"},"sceneLighting":false,"audioPlay":false,"sceneViewState":{"showFog":true,"showMaterialUpdate":false,"showSkybox":true,"showFlares":true,"showImageEffects":true,"showParticleSystems":true},"in2DMode":false,"pivot":{"x":-8.725000381469727,"y":0.8999999761581421,"z":8.350000381469727},"rotation":{"x":-0.14824873208999635,"y":-0.6738646030426025,"z":0.14069661498069764,"w":-0.7100235223770142},"size":3.500178575515747,"orthographic":false}