{"cameraMode":{"drawMode":0,"name":"Shaded","section":"Shading Mode"},"sceneLighting":false,"audioPlay":false,"sceneViewState":{"showFog":true,"showMaterialUpdate":false,"showSkybox":true,"showFlares":true,"showImageEffects":true,"showParticleSystems":true},"in2DMode":false,"pivot":{"x":-3.6718742847442629,"y":3.9435436725616457,"z":11.749006271362305},"rotation":{"x":-0.013131041079759598,"y":0.8608013391494751,"z":-0.022243093699216844,"w":-0.5082852244377136},"size":4.041658401489258,"orthographic":false}