{"cameraMode":{"drawMode":0,"name":"Shaded","section":"Shading Mode"},"sceneLighting":false,"audioPlay":false,"sceneViewState":{"showFog":true,"showMaterialUpdate":false,"showSkybox":true,"showFlares":true,"showImageEffects":true,"showParticleSystems":true},"in2DMode":false,"pivot":{"x":-0.30882227420806887,"y":4.121480941772461,"z":5.172354698181152},"rotation":{"x":-0.007216026075184345,"y":0.9779806733131409,"z":-0.20572899281978608,"w":-0.03431403264403343},"size":3.862269401550293,"orthographic":false}