{"cameraMode":{"drawMode":0,"name":"Shaded","section":"Shading Mode"},"sceneLighting":false,"audioPlay":false,"sceneViewState":{"showFog":true,"showMaterialUpdate":false,"showSkybox":true,"showFlares":true,"showImageEffects":true,"showParticleSystems":true},"in2DMode":false,"pivot":{"x":0.17990392446517945,"y":0.25206682085990908,"z":0.3720138967037201},"rotation":{"x":0.14798668026924134,"y":-0.6855175495147705,"z":0.14536193013191224,"w":0.6978793144226074},"size":1.011616587638855,"orthographic":false}