{"cameraMode":{"drawMode":0,"name":"Shaded","section":"Shading Mode"},"sceneLighting":false,"audioPlay":false,"sceneViewState":{"showFog":true,"showMaterialUpdate":false,"showSkybox":true,"showFlares":true,"showImageEffects":true,"showParticleSystems":true},"in2DMode":false,"pivot":{"x":-17.424949645996095,"y":7.398884296417236,"z":-36.734161376953128},"rotation":{"x":-0.17939220368862153,"y":-0.035346418619155887,"z":0.006453544832766056,"w":-0.9831212759017944},"size":22.0,"orthographic":false}