{"cameraMode":{"drawMode":0,"name":"Shaded","section":"Shading Mode"},"sceneLighting":true,"audioPlay":false,"sceneViewState":{"showFog":true,"showMaterialUpdate":false,"showSkybox":true,"showFlares":true,"showImageEffects":true,"showParticleSystems":true},"in2DMode":false,"pivot":{"x":-113.41744995117188,"y":19.409753799438478,"z":10.281418800354004},"rotation":{"x":-0.379505455493927,"y":-0.17026665806770326,"z":0.07127586752176285,"w":-0.9065895676612854},"size":2258.137939453125,"orthographic":false}