{"cameraMode":{"drawMode":0,"name":"Shaded","section":"Shading Mode"},"sceneLighting":true,"audioPlay":false,"sceneViewState":{"showFog":true,"showMaterialUpdate":false,"showSkybox":true,"showFlares":true,"showImageEffects":true,"showParticleSystems":true},"in2DMode":false,"pivot":{"x":-47.38993835449219,"y":-4.742546081542969,"z":-30.891069412231447},"rotation":{"x":-0.20305900275707246,"y":0.5577411651611328,"z":-0.14299695193767548,"w":-0.7919872403144836},"size":32.71508026123047,"orthographic":false}