{"cameraMode":{"drawMode":0,"name":"Shaded","section":"Shading Mode"},"sceneLighting":false,"audioPlay":false,"sceneViewState":{"showFog":true,"showMaterialUpdate":false,"showSkybox":true,"showFlares":true,"showImageEffects":true,"showParticleSystems":true},"in2DMode":false,"pivot":{"x":0.06365389376878739,"y":-0.03425489366054535,"z":-0.06008511781692505},"rotation":{"x":0.1898416131734848,"y":0.567343533039093,"z":-0.136405810713768,"w":0.7896043658256531},"size":2.465378522872925,"orthographic":false}