{"cameraMode":{"drawMode":0,"name":"Shaded","section":"Shading Mode"},"sceneLighting":false,"audioPlay":false,"sceneViewState":{"showFog":true,"showMaterialUpdate":false,"showSkybox":true,"showFlares":true,"showImageEffects":true,"showParticleSystems":true},"in2DMode":false,"pivot":{"x":-15.320893287658692,"y":-13.179336547851563,"z":0.6701638698577881},"rotation":{"x":0.24772906303405763,"y":-0.6682380437850952,"z":0.25301507115364077,"w":0.6542718410491943},"size":21.866619110107423,"orthographic":false}