{"cameraMode":{"drawMode":0,"name":"Shaded","section":"Shading Mode"},"sceneLighting":true,"audioPlay":false,"sceneViewState":{"showFog":true,"showMaterialUpdate":false,"showSkybox":true,"showFlares":true,"showImageEffects":true,"showParticleSystems":true},"in2DMode":false,"pivot":{"x":-112.12162017822266,"y":229.2568817138672,"z":203.83126831054688},"rotation":{"x":-0.32418957352638247,"y":-0.1561935693025589,"z":0.0543653629720211,"w":-0.9314231872558594},"size":2258.137939453125,"orthographic":false}