{"cameraMode":{"drawMode":0,"name":"Shaded","section":"Shading Mode"},"sceneLighting":false,"audioPlay":false,"sceneViewState":{"showFog":true,"showMaterialUpdate":false,"showSkybox":true,"showFlares":true,"showImageEffects":true,"showParticleSystems":true},"in2DMode":false,"pivot":{"x":1.1920928955078126e-7,"y":0.8895276188850403,"z":-0.0633414089679718},"rotation":{"x":0.006739008240401745,"y":-0.9739450216293335,"z":0.22479508817195893,"w":0.02920478582382202},"size":4.778054714202881,"orthographic":false}