{"cameraMode":{"drawMode":0,"name":"Shaded","section":"Shading Mode"},"sceneLighting":false,"audioPlay":false,"sceneViewState":{"showFog":true,"showMaterialUpdate":false,"showSkybox":true,"showFlares":true,"showImageEffects":true,"showParticleSystems":true},"in2DMode":false,"pivot":{"x":-0.19080297648906709,"y":0.028662383556365968,"z":-0.819270133972168},"rotation":{"x":0.001608403748832643,"y":-0.9968302249908447,"z":0.07674429565668106,"w":0.020913440734148027},"size":4.755262851715088,"orthographic":false}