{"cameraMode":{"drawMode":0,"name":"Shaded","section":"Shading Mode"},"sceneLighting":false,"audioPlay":false,"sceneViewState":{"showFog":true,"showMaterialUpdate":false,"showSkybox":true,"showFlares":true,"showImageEffects":true,"showParticleSystems":true},"in2DMode":false,"pivot":{"x":0.11799943447113037,"y":-0.16660064458847047,"z":-0.41397595405578616},"rotation":{"x":0.18829061090946198,"y":-0.1722954958677292,"z":0.033571891486644748,"w":0.9662990570068359},"size":2.1759164333343508,"orthographic":false}