{"cameraMode":{"drawMode":0,"name":"Shaded","section":"Shading Mode"},"sceneLighting":false,"audioPlay":false,"sceneViewState":{"showFog":true,"showMaterialUpdate":false,"showSkybox":true,"showFlares":true,"showImageEffects":true,"showParticleSystems":true},"in2DMode":false,"pivot":{"x":-24.1090030670166,"y":-12.101339340209961,"z":-0.750868022441864},"rotation":{"x":0.16967768967151643,"y":-0.6893807649612427,"z":0.17122995853424073,"w":0.6831134557723999},"size":32.60822296142578,"orthographic":false}