{"cameraMode":{"drawMode":0,"name":"Shaded","section":"Shading Mode"},"sceneLighting":false,"audioPlay":false,"sceneViewState":{"showFog":true,"showMaterialUpdate":false,"showSkybox":true,"showFlares":true,"showImageEffects":true,"showParticleSystems":true},"in2DMode":false,"pivot":{"x":349.1465759277344,"y":708.9757080078125,"z":65.91839599609375},"rotation":{"x":-0.20151472091674806,"y":0.01944364234805107,"z":-0.004000166896730661,"w":-0.9792843461036682},"size":1061.4332275390625,"orthographic":false}