{"cameraMode":{"drawMode":0,"name":"Shaded","section":"Shading Mode"},"sceneLighting":false,"audioPlay":false,"sceneViewState":{"showFog":true,"showMaterialUpdate":false,"showSkybox":true,"showFlares":true,"showImageEffects":true,"showParticleSystems":true},"in2DMode":false,"pivot":{"x":-0.9305222034454346,"y":0.3528013229370117,"z":0.18845683336257935},"rotation":{"x":0.15446507930755616,"y":-0.7533946633338928,"z":0.1907568722963333,"w":0.6100399494171143},"size":3.6580915451049806,"orthographic":false}