{"cameraMode":{"drawMode":0,"name":"Shaded","section":"Shading Mode"},"sceneLighting":false,"audioPlay":false,"sceneViewState":{"showFog":true,"showMaterialUpdate":false,"showSkybox":true,"showFlares":true,"showImageEffects":true,"showParticleSystems":true},"in2DMode":false,"pivot":{"x":-0.6940780878067017,"y":0.6259860992431641,"z":-1.557589054107666},"rotation":{"x":0.008469926193356514,"y":-0.9914420247077942,"z":0.08531224727630615,"w":0.09845197945833206},"size":7.822995185852051,"orthographic":false}