{"cameraMode":{"drawMode":0,"name":"Shaded","section":"Shading Mode"},"sceneLighting":false,"audioPlay":false,"sceneViewState":{"showFog":true,"showMaterialUpdate":false,"showSkybox":true,"showFlares":true,"showImageEffects":true,"showParticleSystems":true},"in2DMode":false,"pivot":{"x":-35.18000030517578,"y":4.886849880218506,"z":-46.198753356933597},"rotation":{"x":-0.3700457215309143,"y":-0.10110165178775788,"z":0.04055159538984299,"w":-0.9226050972938538},"size":22.0,"orthographic":false}