{"cameraMode":{"drawMode":0,"name":"Shaded","section":"Shading Mode"},"sceneLighting":false,"audioPlay":false,"sceneViewState":{"showFog":true,"showMaterialUpdate":false,"showSkybox":true,"showFlares":true,"showImageEffects":true,"showParticleSystems":true},"in2DMode":false,"pivot":{"x":356.6902160644531,"y":608.1398315429688,"z":13.052734375},"rotation":{"x":-0.2540835440158844,"y":0.01774890162050724,"z":-0.004662658553570509,"w":-0.9670081734657288},"size":1061.4332275390625,"orthographic":false}