{"cameraMode":{"drawMode":0,"name":"Shaded","section":"Shading Mode"},"sceneLighting":false,"audioPlay":false,"sceneViewState":{"showFog":true,"showMaterialUpdate":false,"showSkybox":true,"showFlares":true,"showImageEffects":true,"showParticleSystems":true},"in2DMode":false,"pivot":{"x":0.05705904960632324,"y":0.27112650871276858,"z":0.6497333645820618},"rotation":{"x":0.10856706649065018,"y":-0.6115148067474365,"z":0.08521051704883576,"w":0.7791033983230591},"size":3.6580915451049806,"orthographic":false}