{"cameraMode":{"drawMode":0,"name":"Shaded","section":"Shading Mode"},"sceneLighting":false,"audioPlay":false,"sceneViewState":{"showFog":true,"showMaterialUpdate":false,"showSkybox":true,"showFlares":true,"showImageEffects":true,"showParticleSystems":true},"in2DMode":false,"pivot":{"x":-24.72542381286621,"y":2.3543405532836916,"z":25.58473014831543},"rotation":{"x":0.20386764407157899,"y":-0.6355372667312622,"z":0.1792621910572052,"w":0.7227692604064941},"size":27.41600227355957,"orthographic":false}