{"cameraMode":{"drawMode":0,"name":"Shaded","section":"Shading Mode"},"sceneLighting":false,"audioPlay":false,"sceneViewState":{"showFog":true,"showMaterialUpdate":false,"showSkybox":true,"showFlares":true,"showImageEffects":true,"showParticleSystems":true},"in2DMode":false,"pivot":{"x":-0.9393033981323242,"y":-0.5107005834579468,"z":-0.1488126516342163},"rotation":{"x":0.13654354214668275,"y":-0.623853862285614,"z":0.11188164353370667,"w":0.7613439559936523},"size":4.800057411193848,"orthographic":false}