{"cameraMode":{"drawMode":0,"name":"Shaded","section":"Shading Mode"},"sceneLighting":false,"audioPlay":false,"sceneViewState":{"showFog":true,"showMaterialUpdate":false,"showSkybox":true,"showFlares":true,"showImageEffects":true,"showParticleSystems":true},"in2DMode":false,"pivot":{"x":2.47687029838562,"y":1.8303706645965577,"z":-0.23230792582035066},"rotation":{"x":0.17785640060901643,"y":-0.687272310256958,"z":0.1794830858707428,"w":0.6810358166694641},"size":2.752833604812622,"orthographic":false}