{"cameraMode":{"drawMode":0,"name":"Shaded","section":"Shading Mode"},"sceneLighting":true,"audioPlay":false,"sceneViewState":{"showFog":true,"showMaterialUpdate":false,"showSkybox":true,"showFlares":true,"showImageEffects":true,"showParticleSystems":true},"in2DMode":false,"pivot":{"x":-17.04599952697754,"y":1.6111860275268555,"z":-29.55149269104004},"rotation":{"x":0.2998913526535034,"y":-0.20902426540851594,"z":0.06752006709575653,"w":0.928339958190918},"size":9.396989822387696,"orthographic":false}