{"cameraMode":{"drawMode":0,"name":"Shaded","section":"Shading Mode"},"sceneLighting":false,"audioPlay":false,"sceneViewState":{"showFog":true,"showMaterialUpdate":false,"showSkybox":true,"showFlares":true,"showImageEffects":true,"showParticleSystems":true},"in2DMode":false,"pivot":{"x":-0.09140942990779877,"y":1.4417552947998047,"z":-3.185741901397705},"rotation":{"x":0.0008565045427531004,"y":-0.9982446432113648,"z":0.05729962885379791,"w":0.014953636564314366},"size":7.822995185852051,"orthographic":false}