{"cameraMode":{"drawMode":0,"name":"Shaded","section":"Shading Mode"},"sceneLighting":false,"audioPlay":false,"sceneViewState":{"showFog":true,"showMaterialUpdate":false,"showSkybox":true,"showFlares":true,"showImageEffects":true,"showParticleSystems":true},"in2DMode":false,"pivot":{"x":0.0,"y":3.0350539684295656,"z":2.384185791015625e-7},"rotation":{"x":-0.24422205984592439,"y":-0.2671242356300354,"z":0.07018172740936279,"w":-0.9295562505722046},"size":11.072245597839356,"orthographic":false}