{"cameraMode":{"drawMode":0,"name":"Shaded","section":"Shading Mode"},"sceneLighting":false,"audioPlay":false,"sceneViewState":{"showFog":true,"showMaterialUpdate":false,"showSkybox":true,"showFlares":true,"showImageEffects":true,"showParticleSystems":true},"in2DMode":false,"pivot":{"x":-0.728154718875885,"y":-5.960495471954346,"z":17.699525833129884},"rotation":{"x":0.17646536231040955,"y":-0.026045557111501695,"z":0.004668460693210363,"w":0.9839511513710022},"size":22.0,"orthographic":false}