{"cameraMode":{"drawMode":0,"name":"Shaded","section":"Shading Mode"},"sceneLighting":false,"audioPlay":false,"sceneViewState":{"showFog":true,"showMaterialUpdate":false,"showSkybox":true,"showFlares":true,"showImageEffects":true,"showParticleSystems":true},"in2DMode":false,"pivot":{"x":-97.3115234375,"y":-4.455187797546387,"z":-48.84878158569336},"rotation":{"x":-0.056690968573093417,"y":0.7148736119270325,"z":-0.0583530031144619,"w":-0.6945047378540039},"size":78.84881591796875,"orthographic":false}