{"cameraMode":{"drawMode":0,"name":"Shaded","section":"Shading Mode"},"sceneLighting":false,"audioPlay":false,"sceneViewState":{"showFog":true,"showMaterialUpdate":false,"showSkybox":true,"showFlares":true,"showImageEffects":true,"showParticleSystems":true},"in2DMode":false,"pivot":{"x":-1.2643314599990845,"y":0.004617094993591309,"z":-2.00994873046875},"rotation":{"x":0.014681724831461907,"y":-0.968134880065918,"z":0.058485668152570727,"w":0.2430611550807953},"size":4.755262851715088,"orthographic":false}