{"cameraMode":{"drawMode":0,"name":"Shaded","section":"Shading Mode"},"sceneLighting":false,"audioPlay":false,"sceneViewState":{"showFog":true,"showMaterialUpdate":false,"showSkybox":true,"showFlares":true,"showImageEffects":true,"showParticleSystems":true},"in2DMode":false,"pivot":{"x":0.00837254524230957,"y":-0.04645717144012451,"z":0.09835511445999146},"rotation":{"x":0.11421312391757965,"y":-0.6567931771278381,"z":0.10158491879701615,"w":0.738416314125061},"size":3.6580915451049806,"orthographic":false}