{"cameraMode":{"drawMode":0,"name":"Shaded","section":"Shading Mode"},"sceneLighting":false,"audioPlay":false,"sceneViewState":{"showFog":true,"showMaterialUpdate":false,"showSkybox":true,"showFlares":true,"showImageEffects":true,"showParticleSystems":true},"in2DMode":false,"pivot":{"x":0.3989161252975464,"y":0.12829479575157166,"z":-0.15426337718963624},"rotation":{"x":0.13630658388137818,"y":-0.6598512530326843,"z":0.12345124036073685,"w":0.7285442352294922},"size":1.011616587638855,"orthographic":false}