{"cameraMode":{"drawMode":0,"name":"Shaded","section":"Shading Mode"},"sceneLighting":false,"audioPlay":false,"sceneViewState":{"showFog":true,"showMaterialUpdate":false,"showSkybox":true,"showFlares":true,"showImageEffects":true,"showParticleSystems":true},"in2DMode":false,"pivot":{"x":0.009524032473564148,"y":-18.12835121154785,"z":-7.058956146240234},"rotation":{"x":0.0042969160713255409,"y":0.8050822019577026,"z":-0.5931190252304077,"w":0.005833527073264122},"size":22.0,"orthographic":false}