{"cameraMode":{"drawMode":0,"name":"Shaded","section":"Shading Mode"},"sceneLighting":false,"audioPlay":false,"sceneViewState":{"showFog":true,"showMaterialUpdate":false,"showSkybox":true,"showFlares":true,"showImageEffects":true,"showParticleSystems":true},"in2DMode":false,"pivot":{"x":35.315834045410159,"y":1.5198678970336915,"z":28.619842529296876},"rotation":{"x":0.16376149654388429,"y":-0.2765292525291443,"z":0.047880202531814578,"w":0.9457385540008545},"size":4.500059127807617,"orthographic":false}