{"cameraMode":{"drawMode":0,"name":"Shaded","section":"Shading Mode"},"sceneLighting":false,"audioPlay":false,"sceneViewState":{"showFog":true,"showMaterialUpdate":false,"showSkybox":true,"showFlares":true,"showImageEffects":true,"showParticleSystems":true},"in2DMode":false,"pivot":{"x":0.6974003911018372,"y":-6.3998260498046879,"z":18.094196319580079},"rotation":{"x":0.1971370130777359,"y":0.016696080565452577,"z":-0.003361799754202366,"w":0.9802280068397522},"size":22.0,"orthographic":false}