{"cameraMode":{"drawMode":0,"name":"Shaded","section":"Shading Mode"},"sceneLighting":false,"audioPlay":false,"sceneViewState":{"showFog":true,"showMaterialUpdate":false,"showSkybox":true,"showFlares":true,"showImageEffects":true,"showParticleSystems":true},"in2DMode":false,"pivot":{"x":0.11799943447113037,"y":-0.16660064458847047,"z":-0.41397595405578616},"rotation":{"x":-0.17939220368862153,"y":-0.035346418619155887,"z":0.006453544832766056,"w":-0.9831212759017944},"size":2.1759164333343508,"orthographic":false}