{"cameraMode":{"drawMode":0,"name":"Shaded","section":"Shading Mode"},"sceneLighting":false,"audioPlay":false,"sceneViewState":{"showFog":true,"showMaterialUpdate":false,"showSkybox":true,"showFlares":true,"showImageEffects":true,"showParticleSystems":true},"in2DMode":false,"pivot":{"x":-15.251471519470215,"y":-13.24687671661377,"z":0.19308018684387208},"rotation":{"x":0.24772906303405763,"y":-0.6682380437850952,"z":0.25301507115364077,"w":0.6542718410491943},"size":26.076351165771486,"orthographic":false}